"segment_id","text","start","duration","vid"
1,"[Música]",0,4.44,"UUpMYtHxUH0"
2,"Gaby recién les contaba a los avatares",1.7,4.96,"UUpMYtHxUH0"
3,"de la reunión de ayer una reunión que",4.44,5.1,"UUpMYtHxUH0"
4,"durante meses pidió uno de los sectores",6.66,5.939,"UUpMYtHxUH0"
5,"del oficialismo y que finalmente terminó",9.54,6.179,"UUpMYtHxUH0"
6,"por concretarse uno de los que estuvo",12.599,5.881,"UUpMYtHxUH0"
7,"allí una de las figuras principales que",15.719,5.041,"UUpMYtHxUH0"
8,"se sentaron a esa mesa a conversar En",18.48,4.44,"UUpMYtHxUH0"
9,"nombre del kirchnerismo fue el ministro",20.76,4.019,"UUpMYtHxUH0"
10,"del interior Eduardo aguado de Pedro",22.92,4.679,"UUpMYtHxUH0"
11,"quien tiene la gentileza de atendernos",24.779,4.141,"UUpMYtHxUH0"
12,"Hasta ahora para conversar un poco con",27.599,3.42,"UUpMYtHxUH0"
13,"nosotros qué tal Guau Cómo estás Albert",28.92,3.92,"UUpMYtHxUH0"
14,"acá en radio con vos",31.019,6.2,"UUpMYtHxUH0"
15,"cómo andan Un saludo para vos y",32.84,8.559,"UUpMYtHxUH0"
16,"para los oyentes y más oyentes bueno",37.219,5.981,"UUpMYtHxUH0"
17,"Gracias gracias por hacerte el rato bien",41.399,3.84,"UUpMYtHxUH0"
18,"muy bien la verdad que hoy relanzando el",43.2,4.859,"UUpMYtHxUH0"
19,"programa y estrenando artística nueva",45.239,4.581,"UUpMYtHxUH0"
20,"una serie de separadores y cosas así que",48.059,3.441,"UUpMYtHxUH0"
21,"contentos",49.82,5.8,"UUpMYtHxUH0"
22,"pero ayer se dio esta reunión Yo hoy leí",51.5,7.66,"UUpMYtHxUH0"
23,"el comunicado que salió a la a la",55.62,5.4,"UUpMYtHxUH0"
24,"madrugada y",59.16,5.179,"UUpMYtHxUH0"
25,"y sabes que con franqueza no parece",61.02,6.72,"UUpMYtHxUH0"
26,"que hubiera costado mucho ponerse de",64.339,5.681,"UUpMYtHxUH0"
27,"acuerdo en en redactarlo parece medio",67.74,6.44,"UUpMYtHxUH0"
28,"como un pastiche de de párrafos",70.02,6.72,"UUpMYtHxUH0"
29,"contradictorios entre sí como que",74.18,4.06,"UUpMYtHxUH0"
30,"algunos piensan una cosa otros piensan",76.74,3.3,"UUpMYtHxUH0"
31,"otra llegan a una síntesis pero que esa",78.24,4.98,"UUpMYtHxUH0"
32,"síntesis es bastante trabajosa me",80.04,7.56,"UUpMYtHxUH0"
33,"equivoco Si eso refleja lo que pasó o",83.22,6,"UUpMYtHxUH0"
34,"por lo menos lo que está pasando en el",87.6,3.5,"UUpMYtHxUH0"
35,"peronismo",89.22,4.14,"UUpMYtHxUH0"
36,"primero tenemos que felicitar a los",91.1,4.3,"UUpMYtHxUH0"
37,"compañeros y las compañeras que se",93.36,5.42,"UUpMYtHxUH0"
38,"quedaron a las dos de la mañana a",95.4,5.539,"UUpMYtHxUH0"
39,"terminar el",98.78,4.6,"UUpMYtHxUH0"
40,"documento no porque la verdad que fue",100.939,4.781,"UUpMYtHxUH0"
41,"una reunión muy buena muy linda muy",103.38,6.72,"UUpMYtHxUH0"
42,"necesaria que duró entre cinco y seis",105.72,6.359,"UUpMYtHxUH0"
43,"horas con lo cual para los pobres",110.1,5.12,"UUpMYtHxUH0"
44,"compañeros que se quedaron",112.079,6.241,"UUpMYtHxUH0"
45,"salió bastante bien me parece que",115.22,7.84,"UUpMYtHxUH0"
46,"no me parece que lo bueno es que Se",118.32,5.659,"UUpMYtHxUH0"
47,"generó",123.06,4.8,"UUpMYtHxUH0"
48,"el espacio Se generó el lugar en donde",123.979,5.881,"UUpMYtHxUH0"
49,"se tiene que discutir",127.86,5.04,"UUpMYtHxUH0"
50,"las ideas donde se tienen que discutir",129.86,4.98,"UUpMYtHxUH0"
51,"los métodos",132.9,5.22,"UUpMYtHxUH0"
52,"yo soy uno de los que veníamos pidiendo",134.84,5.86,"UUpMYtHxUH0"
53,"que como coaliciones necesitábamos",138.12,4.979,"UUpMYtHxUH0"
54,"además de los espacios de gestión",140.7,5.22,"UUpMYtHxUH0"
55,"necesitamos tener un ámbito para ver",143.099,3.921,"UUpMYtHxUH0"
56,"cómo",145.92,5.76,"UUpMYtHxUH0"
57,"se discuten las mejores ideas para",147.02,8.62,"UUpMYtHxUH0"
58,"mejorar la vida de los argentinos y las",151.68,5.88,"UUpMYtHxUH0"
59,"argentinas cada cual",155.64,5.12,"UUpMYtHxUH0"
60,"dentro de la aparición tiene sus",157.56,6.179,"UUpMYtHxUH0"
61,"espacios de gestión Pero la realidad que",160.76,6.28,"UUpMYtHxUH0"
62,"como dirigente político pensamos el el",163.739,5.401,"UUpMYtHxUH0"
63,"todo entonces necesitábamos y",167.04,4.979,"UUpMYtHxUH0"
64,"necesitamos un espacio para discutir el",169.14,6.319,"UUpMYtHxUH0"
65,"rumbo general del gobierno necesitamos",172.019,7.261,"UUpMYtHxUH0"
66,"un espacio para discutir las estrategias",175.459,6.761,"UUpMYtHxUH0"
67,"en un año electoral y necesitamos",179.28,5.539,"UUpMYtHxUH0"
68,"también un ámbito para",182.22,6.54,"UUpMYtHxUH0"
69,"encontrarnos vernos debatir Escuchar lo",184.819,6.28,"UUpMYtHxUH0"
70,"que piensa el otro Escuchar lo que",188.76,5.899,"UUpMYtHxUH0"
71,"piensa alguna compañera Cuáles son los",191.099,7.441,"UUpMYtHxUH0"
72,"fundamentos de Por qué se hacen o no O",194.659,6.94,"UUpMYtHxUH0"
73,"no se hacen algunas gestiones con lo",198.54,3.86,"UUpMYtHxUH0"
74,"cual",201.599,3.86,"UUpMYtHxUH0"
75,"el resultado más allá",202.4,7.8,"UUpMYtHxUH0"
76,"de la obra literaria o el análisis",205.459,7.36,"UUpMYtHxUH0"
77,"de la prosa del documento me parece que",210.2,6.039,"UUpMYtHxUH0"
78,"es muy es muy bueno vos en línea",212.819,6.481,"UUpMYtHxUH0"
79,"generales a ver para salir a buscar",216.239,5.521,"UUpMYtHxUH0"
80,"votos en la campaña cuando cuando",219.3,4.92,"UUpMYtHxUH0"
81,"arranque formalmente y cuando y cuando",221.76,5.52,"UUpMYtHxUH0"
82,"empiecen a dialogar con la población en",224.22,5.7,"UUpMYtHxUH0"
83,"líneas generales bancas esta gestión",227.28,5.78,"UUpMYtHxUH0"
84,"consideras que fue una gestión que",229.92,7.2,"UUpMYtHxUH0"
85,"cumplió con la promesa que hizo en 2019",233.06,7.259,"UUpMYtHxUH0"
86,"a la gente que la votó",237.12,3.199,"UUpMYtHxUH0"
87,"primero no sé a qué te referís cuando",240.98,5.88,"UUpMYtHxUH0"
88,"salga yo estoy",244.62,5.039,"UUpMYtHxUH0"
89,"estoy caminando la Argentina como",246.86,5.739,"UUpMYtHxUH0"
90,"ministro del interior estoy caminando la",249.659,6.061,"UUpMYtHxUH0"
91,"Argentina como parte del espacio",252.599,6.241,"UUpMYtHxUH0"
92,"político que se comprometió a mejorar la",255.72,6.359,"UUpMYtHxUH0"
93,"vida de los argentinos en el 2019 y voy",258.84,6.48,"UUpMYtHxUH0"
94,"a seguir haciendo haciéndolo desde el",262.079,6.001,"UUpMYtHxUH0"
95,"lugar que me toque desde el lugar que",265.32,5.879,"UUpMYtHxUH0"
96,"mis compañeros y mis compañeras de la",268.08,4.04,"UUpMYtHxUH0"
97,"coalición",271.199,4.521,"UUpMYtHxUH0"
98,"de financió por supuesto",272.12,6.6,"UUpMYtHxUH0"
99,"banco",275.72,7.5,"UUpMYtHxUH0"
100,"el acuerdo que hicimos en el 2019 Para",278.72,7.78,"UUpMYtHxUH0"
101,"ofrecerle a las a la sociedad soluciones",283.22,6.52,"UUpMYtHxUH0"
102,"nuevas a problemas viejos recordemos que",286.5,8.36,"UUpMYtHxUH0"
103,"nos fuimos en el 2015 con una Argentina",289.74,7.04,"UUpMYtHxUH0"
104,"descender",294.86,6.04,"UUpMYtHxUH0"
105,"desendeudadas perdón con una inflación",296.78,7.9,"UUpMYtHxUH0"
106,"para nosotros el 17 para el Para algunas",300.9,6.739,"UUpMYtHxUH0"
107,"consultoras el 25",304.68,2.959,"UUpMYtHxUH0"
108,"con la industria nacional funcionando Y",307.699,7.421,"UUpMYtHxUH0"
109,"muchísimas cosas más que todo",310.8,4.32,"UUpMYtHxUH0"
110,"ese orden todo ese modelo productivo que",315.419,5.22,"UUpMYtHxUH0"
111,"venía creciendo que venía generando",318.24,6.06,"UUpMYtHxUH0"
112,"industrias nuevas y trabajos con sus",320.639,5,"UUpMYtHxUH0"
113,"problemas por supuesto",324.3,5.6,"UUpMYtHxUH0"
114,"puede desarmado fue desarmado",325.639,7.201,"UUpMYtHxUH0"
115,"y desarticularon",329.9,4.62,"UUpMYtHxUH0"
116,"algo",332.84,5.46,"UUpMYtHxUH0"
117,"mi hijo me está llamando ahí voy",334.52,6.48,"UUpMYtHxUH0"
118,"perdón pero",338.3,7.119,"UUpMYtHxUH0"
119,"entonces digo eso que se desarticuló",341,7.66,"UUpMYtHxUH0"
120,"entre el 2016 y el 2019 fue lo que nos",345.419,6.541,"UUpMYtHxUH0"
121,"llevó a tener una coalición más amplia y",348.66,7.2,"UUpMYtHxUH0"
122,"hoy Sigo pensando lo mismo vamos a tener",351.96,6.239,"UUpMYtHxUH0"
123,"que seguir ampliando la coalición vamos",355.86,5.16,"UUpMYtHxUH0"
124,"a tener que seguir sumando a actores",358.199,5.161,"UUpMYtHxUH0"
125,"nuevos porque a los problemas que tenía",361.02,4.56,"UUpMYtHxUH0"
126,"la gestión de Mauricio Mario y de",363.36,5.22,"UUpMYtHxUH0"
127,"cambiemos de la recta y se sumaron los",365.58,5.7,"UUpMYtHxUH0"
128,"problemas de la pandemia y de la guerra",368.58,4.94,"UUpMYtHxUH0"
129,"con lo cual",371.28,5.1,"UUpMYtHxUH0"
130,"voy a seguir defendiendo todo lo que se",373.52,4.179,"UUpMYtHxUH0"
131,"hizo bien",376.38,2.84,"UUpMYtHxUH0"
132,"voy a seguir",377.699,4.261,"UUpMYtHxUH0"
133,"caminando y recorriendo las obras que",379.22,4.539,"UUpMYtHxUH0"
134,"hay a lo largo y a lo ancho de la",381.96,4.019,"UUpMYtHxUH0"
135,"Argentina que son muchísimas voy a",383.759,5.341,"UUpMYtHxUH0"
136,"seguir visitando esas pymes esas",385.979,5.481,"UUpMYtHxUH0"
137,"empresas que me dicen",389.1,5.219,"UUpMYtHxUH0"
138,"por una política de apertura de",391.46,6.4,"UUpMYtHxUH0"
139,"importaciones Tuve que cerrar por una",394.319,7.921,"UUpMYtHxUH0"
140,"política del gobierno anterior casi me",397.86,6.24,"UUpMYtHxUH0"
141,"fundo voy a seguir Charlando con",402.24,4.62,"UUpMYtHxUH0"
142,"compañeras y compañeros con gremios que",404.1,4.74,"UUpMYtHxUH0"
143,"te dicen la cantidad de afiliados que",406.86,4.32,"UUpMYtHxUH0"
144,"tenían antes y los que tienen hoy y voy",408.84,5.419,"UUpMYtHxUH0"
145,"a seguir dentro de la coalición",411.18,7.079,"UUpMYtHxUH0"
146,"promoviendo que fortalezcamos el ingreso",414.259,5.741,"UUpMYtHxUH0"
147,"Y que peleemos con mucho más",418.259,3.961,"UUpMYtHxUH0"
148,"contundencia contra los factores que",420,5.28,"UUpMYtHxUH0"
149,"generan inflación en la Argentina no me",422.22,6.44,"UUpMYtHxUH0"
150,"parece contradictorio es más me parece",425.28,7.44,"UUpMYtHxUH0"
151,"honesto y sincero decir lo que uno lo",428.66,6.94,"UUpMYtHxUH0"
152,"que uno piensa y así como defiendo y",432.72,4.259,"UUpMYtHxUH0"
153,"valoro todo lo que se hizo en el",435.6,2.039,"UUpMYtHxUH0"
154,"gobierno",436.979,3.301,"UUpMYtHxUH0"
155,"también creo y lo vengo diciendo desde",437.639,5.28,"UUpMYtHxUH0"
156,"hace mucho tiempo hay que tener",440.28,5.46,"UUpMYtHxUH0"
157,"otro nivel de contundencia a la hora de",442.919,5.761,"UUpMYtHxUH0"
158,"luchar contra la inflación y defender el",445.74,7.079,"UUpMYtHxUH0"
159,"poder adquisitivo de la gente bueno el",448.68,6.12,"UUpMYtHxUH0"
160,"gobierno está combatiendo la inflación",452.819,3.66,"UUpMYtHxUH0"
161,"Lo que pasa que no funcionan las armas",454.8,5.48,"UUpMYtHxUH0"
162,"que usan para combatirla vos por ejemplo",456.479,6.66,"UUpMYtHxUH0"
163,"bancás el ajuste que hizo Sergio massa",460.28,7.139,"UUpMYtHxUH0"
164,"en los últimos siete meses",463.139,4.28,"UUpMYtHxUH0"
165,"para decirlo de alguna forma nosotros",468.919,4.921,"UUpMYtHxUH0"
166,"cuando nos tocó",471.599,4.88,"UUpMYtHxUH0"
167,"cuando nos tocó",473.84,5.639,"UUpMYtHxUH0"
168,"participar",476.479,3,"UUpMYtHxUH0"
169,"de una política pública que era preso",479.599,6.701,"UUpMYtHxUH0"
170,"cuidados Nosotros participamos con",483.74,4.679,"UUpMYtHxUH0"
171,"muchísimas ganas",486.3,7.98,"UUpMYtHxUH0"
172,"con una cantidad de jóvenes yendo a los",488.419,10.72,"UUpMYtHxUH0"
173,"Super a los supermercados combinando una",494.28,7.74,"UUpMYtHxUH0"
174,"política pública desde un ministerio con",499.139,5.84,"UUpMYtHxUH0"
175,"una militancia",502.02,2.959,"UUpMYtHxUH0"
176,"vemos que hay herramientas hoy de",505.52,6.879,"UUpMYtHxUH0"
177,"vinculadas al uso tecnológico que",509.879,6.361,"UUpMYtHxUH0"
178,"también son buenas vemos que se puede",512.399,6.741,"UUpMYtHxUH0"
179,"hacer un poco más",516.24,6.08,"UUpMYtHxUH0"
180,"para pelear contra la inflación y",519.14,8.5,"UUpMYtHxUH0"
181,"después tu pregunta respecto de las",522.32,9.28,"UUpMYtHxUH0"
182,"políticas no tenemos que perder de",527.64,7.98,"UUpMYtHxUH0"
183,"vista que el gobierno tomó una deuda con",531.6,6.2,"UUpMYtHxUH0"
184,"el fondo que las condiciones del fondo",535.62,6.719,"UUpMYtHxUH0"
185,"para cerrar el acuerdo tiene que ver con",537.8,6.36,"UUpMYtHxUH0"
186,"un modelo",542.339,5.701,"UUpMYtHxUH0"
187,"económico y es el modelo que votó el con",544.16,8.04,"UUpMYtHxUH0"
188,"el congreso con lo cual",548.04,8.46,"UUpMYtHxUH0"
189,"lo bueno es remarcar de dónde vienen los",552.2,6.9,"UUpMYtHxUH0"
190,"problemas no porque",556.5,5.459,"UUpMYtHxUH0"
191,"tenés que administrar las consecuencias",559.1,5.1,"UUpMYtHxUH0"
192,"de un gobierno que tomó una deuda",561.959,4.521,"UUpMYtHxUH0"
193,"irresponsable",564.2,4.84,"UUpMYtHxUH0"
194,"Por supuesto que tiene costos por",566.48,7.12,"UUpMYtHxUH0"
195,"supuesto que resolver eso y es lo que es",569.04,6.96,"UUpMYtHxUH0"
196,"lo que lo que pasó Siempre en Argentina",573.6,7.14,"UUpMYtHxUH0"
197,"algunos gobiernos priorizan los negocios",576,7.32,"UUpMYtHxUH0"
198,"del sistema financiero internacional y",580.74,6.8,"UUpMYtHxUH0"
199,"otros somos los que comenzamos a ordenar",583.32,8.28,"UUpMYtHxUH0"
200,"los números ordenamos",587.54,7.359,"UUpMYtHxUH0"
201,"el modelo productivo Para volver a y",591.6,7.26,"UUpMYtHxUH0"
202,"empezar otra vez a saldarlas de deudas",594.899,4.981,"UUpMYtHxUH0"
203,"con lo cual pero te pregunto",598.86,3.3,"UUpMYtHxUH0"
204,"concretamente vos vos decís que hay que",599.88,4.38,"UUpMYtHxUH0"
205,"hacer más para combatir la inflación",602.16,5.64,"UUpMYtHxUH0"
206,"concretamente de qué otro modo la",604.26,5.94,"UUpMYtHxUH0"
207,"combatiría el kirchnerismo Si tuviera",607.8,4.08,"UUpMYtHxUH0"
208,"los resortes para hacerlo porque ustedes",610.2,4.199,"UUpMYtHxUH0"
209,"son parte de la coalición pero el",611.88,4.2,"UUpMYtHxUH0"
210,"Ministerio de economía le tocó a Sergio",614.399,3.721,"UUpMYtHxUH0"
211,"masa que es otra parte de la coalición y",616.08,3.42,"UUpMYtHxUH0"
212,"él lo está enfrentando con las",618.12,3.86,"UUpMYtHxUH0"
213,"herramientas que él considera correctas",619.5,6.5,"UUpMYtHxUH0"
214,"lo que no está funcionando",621.98,4.02,"UUpMYtHxUH0"
215,"un ministerio el responsable de la",627.019,5.32,"UUpMYtHxUH0"
216,"inflación el responsable de la inflación",629.94,7.04,"UUpMYtHxUH0"
217,"en la es desde el presidente hasta",632.339,9.541,"UUpMYtHxUH0"
218,"hasta el resto de las estructuras Me",636.98,7.539,"UUpMYtHxUH0"
219,"parece que no es la responsabilidad de",641.88,5.04,"UUpMYtHxUH0"
220,"un ministro Me parece que el gobierno se",644.519,5.341,"UUpMYtHxUH0"
221,"tiene que poner en formato de guerra",646.92,6.72,"UUpMYtHxUH0"
222,"contra la inflación como alguna vez dijo",649.86,7.919,"UUpMYtHxUH0"
223,"el presidente Y por qué Si él dijo que",653.64,6.54,"UUpMYtHxUH0"
224,"iba a entrar en formato guerra contra la",657.779,5,"UUpMYtHxUH0"
225,"inflación no lo hizo consideras vos",660.18,6.92,"UUpMYtHxUH0"
226,"Es una muy buena pregunta para",662.779,8.921,"UUpMYtHxUH0"
227,"él se dijo que vos consideras que el",667.1,7.12,"UUpMYtHxUH0"
228,"presidente no tiene códigos hace dos",671.7,4.259,"UUpMYtHxUH0"
229,"semanas cuando vino Lula y hubo una",674.22,3.9,"UUpMYtHxUH0"
230,"reunión de organismos de Derechos",675.959,3.721,"UUpMYtHxUH0"
231,"Humanos donde vos tenés una reconocida",678.12,4.68,"UUpMYtHxUH0"
232,"militancia no te invitaron no fuiste",679.68,7.14,"UUpMYtHxUH0"
233,"Finalmente y ese no tiene códigos era",682.8,6.12,"UUpMYtHxUH0"
234,"supuestamente porque vos justamente",686.82,3.8,"UUpMYtHxUH0"
235,"también competís por la presidencia",688.92,6.57,"UUpMYtHxUH0"
236,"realmente crees eso no Mira nunca",690.62,7.95,"UUpMYtHxUH0"
237,"[Música]",695.49,3.08,"UUpMYtHxUH0"
238,"resuelto con él",698.959,7.141,"UUpMYtHxUH0"
239,"saldado tuve un desayuno con él donde",702.14,10.02,"UUpMYtHxUH0"
240,"vivimos conversar cuestiones políticas y",706.1,10.859,"UUpMYtHxUH0"
241,"personales yo nunca dije que él no tenía",712.16,8.64,"UUpMYtHxUH0"
242,"códigos y",716.959,7.781,"UUpMYtHxUH0"
243,"discusión tenía que ver con con algo muy",720.8,6.76,"UUpMYtHxUH0"
244,"pequeño que no creo que le interesa la",724.74,4.099,"UUpMYtHxUH0"
245,"sociedad que tiene que ver con él",727.56,5.1,"UUpMYtHxUH0"
246,"funcionamiento interno del gobierno y",728.839,7.661,"UUpMYtHxUH0"
247,"con una actitud hacia mi persona que ya",732.66,6.78,"UUpMYtHxUH0"
248,"está saldada y ya se resolvió y los",736.5,7.5,"UUpMYtHxUH0"
249,"espacios que veníamos pidiendo como la",739.44,7.2,"UUpMYtHxUH0"
250,"mesa que se juntó ayer son los ámbitos",744,6.18,"UUpMYtHxUH0"
251,"para mí me siente mente me interesa",746.64,6.36,"UUpMYtHxUH0"
252,"Perdón me interesa hablar de los",750.18,4.279,"UUpMYtHxUH0"
253,"problemas",753,4.5,"UUpMYtHxUH0"
254,"reales que tienen que ver con la vida de",754.459,5.56,"UUpMYtHxUH0"
255,"la gente que tiene Me parece que las",757.5,6.42,"UUpMYtHxUH0"
256,"discusiones entre dirigentes se tiene",760.019,7.521,"UUpMYtHxUH0"
257,"que dar la Puerta cerrada es",763.92,6.719,"UUpMYtHxUH0"
258,"y nos pagan y nuestra función y es lo",767.54,5.859,"UUpMYtHxUH0"
259,"que uno vino a hacer a la política que",770.639,5.041,"UUpMYtHxUH0"
260,"es utilizar la política como una",773.399,4.321,"UUpMYtHxUH0"
261,"herramienta de transformación eso es lo",775.68,4.099,"UUpMYtHxUH0"
262,"que nos enseñó Néstor",777.72,5.04,"UUpMYtHxUH0"
263,"es lo que pudimos ver con Cristina como",779.779,6.12,"UUpMYtHxUH0"
264,"el estado puede y la política",782.76,5.819,"UUpMYtHxUH0"
265,"enfrentándose a determinados poderes",785.899,6.461,"UUpMYtHxUH0"
266,"fácticos que son los que siempre Usan el",788.579,7.041,"UUpMYtHxUH0"
267,"esfuerzo de la de la gente para",792.36,7.919,"UUpMYtHxUH0"
268,"maximizar su ganancias",795.62,4.659,"UUpMYtHxUH0"
269,"el estado de la política y la",801.2,5.02,"UUpMYtHxUH0"
270,"articulación de un proyecto pueden hacer",803.579,5.581,"UUpMYtHxUH0"
271,"que todos podamos vivir mejor eso es lo",806.22,6.059,"UUpMYtHxUH0"
272,"que discuto eso es lo que me mueve eso",809.16,6,"UUpMYtHxUH0"
273,"es lo que nace levantarme todos los días",812.279,5.641,"UUpMYtHxUH0"
274,"no lo que digan de mí no lo que yo",815.16,6.179,"UUpMYtHxUH0"
275,"piense de otro dirigente ministro",817.92,5.4,"UUpMYtHxUH0"
276,"Gabriela vulcano lo saluda Qué tal cómo",821.339,3.141,"UUpMYtHxUH0"
277,"está",823.32,5.1,"UUpMYtHxUH0"
278,"bien bien ahí al comienzo de la",824.48,6.94,"UUpMYtHxUH0"
279,"entrevista usted contaba que anoche en",828.42,5.58,"UUpMYtHxUH0"
280,"la reunión que mantuvieron uno de los",831.42,5.46,"UUpMYtHxUH0"
281,"temas que que se buscó de alguna manera",834,5.959,"UUpMYtHxUH0"
282,"es discutir el rumbo del gobierno",836.88,7.579,"UUpMYtHxUH0"
283,"hasta el momento desde",839.959,8.44,"UUpMYtHxUH0"
284,"el presidente Alberto Fernández Hasta a",844.459,6.101,"UUpMYtHxUH0"
285,"aquellos dirigentes cercanos a él decían",848.399,4.081,"UUpMYtHxUH0"
286,"que simplemente la reunión era para",850.56,5.7,"UUpMYtHxUH0"
287,"discutir cuestiones electorales ayer se",852.48,5.64,"UUpMYtHxUH0"
288,"pudieron poner de acuerdo respecto a",856.26,4.579,"UUpMYtHxUH0"
289,"estos dos temas",858.12,2.719,"UUpMYtHxUH0"
290,"Mirá se discute todo Cuando uno hace una",861.38,6.639,"UUpMYtHxUH0"
291,"reunión de las cara características de",864.6,6.12,"UUpMYtHxUH0"
292,"la de la reunión que hicimos ayer por",868.019,5.76,"UUpMYtHxUH0"
293,"suerte se pudieron conversar muchísimas",870.72,6.239,"UUpMYtHxUH0"
294,"cosas temas de gestión temas políticos",873.779,6.481,"UUpMYtHxUH0"
295,"temas estratégicos por supuesto no van a",876.959,4.94,"UUpMYtHxUH0"
296,"ser divulgados públicas",880.26,4.74,"UUpMYtHxUH0"
297,"públicamente porque es una reunión donde",881.899,6.901,"UUpMYtHxUH0"
298,"uno planifica y",885,3.8,"UUpMYtHxUH0"
299,"piensas no y lo de Cristina",891.5,8.279,"UUpMYtHxUH0"
300,"fue fue parte de lo que",894.98,10.06,"UUpMYtHxUH0"
301,"todos los sectores pusieron en valor la",899.779,9.601,"UUpMYtHxUH0"
302,"proscripción el caudal político de",905.04,9.14,"UUpMYtHxUH0"
303,"ella la la valoración de la",909.38,8.38,"UUpMYtHxUH0"
304,"vicepresidenta en las encuestas hoy es",914.18,5.58,"UUpMYtHxUH0"
305,"la dirigente que más",917.76,3.62,"UUpMYtHxUH0"
306,"mide",919.76,3.879,"UUpMYtHxUH0"
307,"el gobernador de la provincia de Buenos",921.38,5.38,"UUpMYtHxUH0"
308,"Aires y son los números que tiene ellos",923.639,6.021,"UUpMYtHxUH0"
309,"en provincia de Buenos Aires y",926.76,6.3,"UUpMYtHxUH0"
310,"tiene números por seis a los de",929.66,6.179,"UUpMYtHxUH0"
311,"cualquier otro dirigente",933.06,6.24,"UUpMYtHxUH0"
312,"se habló de la proscripción se habló de",935.839,5.86,"UUpMYtHxUH0"
313,"actores de poder que vuelven en",939.3,4.82,"UUpMYtHxUH0"
314,"Argentina",941.699,2.421,"UUpMYtHxUH0"
315,"a poner",944.279,6.721,"UUpMYtHxUH0"
316,"en hechos esa fantasía que quizás lo",947.12,6.76,"UUpMYtHxUH0"
317,"decían verbalmente hace algunos años de",951,5.6,"UUpMYtHxUH0"
318,"hay que eliminar al",953.88,5.519,"UUpMYtHxUH0"
319,"kirchnerismo hay que terminar con el",956.6,6.88,"UUpMYtHxUH0"
320,"peronismo digo me parece que a 40 años",959.399,7.56,"UUpMYtHxUH0"
321,"de democracia a 40 años hay algunos",963.48,8.159,"UUpMYtHxUH0"
322,"sectores que se cansaron de que tengamos",966.959,7.581,"UUpMYtHxUH0"
323,"una vida",971.639,2.901,"UUpMYtHxUH0"
324,"democrática",975.199,5.741,"UUpMYtHxUH0"
325,"rural que uno pueda ganar perder que la",977.36,5.56,"UUpMYtHxUH0"
326,"selección que la gente decida que tiene",980.94,4.44,"UUpMYtHxUH0"
327,"que gobernar",982.92,4.62,"UUpMYtHxUH0"
328,"y ahí es cuando vuelven con la",985.38,3.38,"UUpMYtHxUH0"
329,"proscripción",987.54,4.159,"UUpMYtHxUH0"
330,"vuelve con la persecución judicial",988.76,5.819,"UUpMYtHxUH0"
331,"vuelven con intentos de asesinato",991.699,6.221,"UUpMYtHxUH0"
332,"Entonces eso Por supuesto fue parte de",994.579,5.56,"UUpMYtHxUH0"
333,"la discusión y hubo un gran compromiso",997.92,5.52,"UUpMYtHxUH0"
334,"de todos los sectores de realizar un",1000.139,5.461,"UUpMYtHxUH0"
335,"plan de acción en contra de la",1003.44,5.28,"UUpMYtHxUH0"
336,"proscripción de pedirle a Cristina que",1005.6,5.359,"UUpMYtHxUH0"
337,"revea",1008.72,5.539,"UUpMYtHxUH0"
338,"su decisión y",1010.959,7.74,"UUpMYtHxUH0"
339,"eso fue un consenso",1014.259,4.44,"UUpMYtHxUH0"
340,"a vos te gustaría que la reveas esa",1018.74,4.279,"UUpMYtHxUH0"
341,"decisión",1020.839,2.18,"UUpMYtHxUH0"
342,"y yo creo que le hace mal yo creo que el",1024.199,6.98,"UUpMYtHxUH0"
343,"nivel de persecución el nivel de",1028.22,5.4,"UUpMYtHxUH0"
344,"articulación de los medios y sectores",1031.179,4.681,"UUpMYtHxUH0"
345,"del poder judicial",1033.62,6,"UUpMYtHxUH0"
346,"pone jaque el sistema institucional",1035.86,6.479,"UUpMYtHxUH0"
347,"argentino",1039.62,6,"UUpMYtHxUH0"
348,"es un mensaje",1042.339,7.921,"UUpMYtHxUH0"
349,"mafioso para el resto de los dirigentes",1045.62,4.64,"UUpMYtHxUH0"
350,"pero a mí me interesa saber si vos",1050.86,5.02,"UUpMYtHxUH0"
351,"quisieras que ella eso que dijo después",1053.299,5.701,"UUpMYtHxUH0"
352,"de la lectura de la de la sentencia por",1055.88,5.94,"UUpMYtHxUH0"
353,"parte del tribunal que se echara atrás",1059,4.14,"UUpMYtHxUH0"
354,"digamos porque ella dijo muy claramente",1061.82,4.08,"UUpMYtHxUH0"
355,"que era decisión suya y que no se iba a",1063.14,4.94,"UUpMYtHxUH0"
356,"postular",1065.9,2.18,"UUpMYtHxUH0"
357,"entiendo perfectamente Yo creo que",1068.32,8.04,"UUpMYtHxUH0"
358,"a Cristina no se le puede pedir más",1073,5.58,"UUpMYtHxUH0"
359,"porque",1076.36,6.819,"UUpMYtHxUH0"
360,"dio todo dio todo como presidenta se",1078.58,6.16,"UUpMYtHxUH0"
361,"bancó las presiones de poderes",1083.179,4.641,"UUpMYtHxUH0"
362,"nacionales e internacionales",1084.74,7.819,"UUpMYtHxUH0"
363,"sufrió sobre sobre su lomo",1087.82,10.38,"UUpMYtHxUH0"
364,"muchísimas injurias a tales personales",1092.559,10.48,"UUpMYtHxUH0"
365,"pero me gustaría así me para eso y es la",1098.2,7.74,"UUpMYtHxUH0"
366,"persona que está en condiciones de",1103.039,6.181,"UUpMYtHxUH0"
367,"de pensar una salida es la persona que",1105.94,6.64,"UUpMYtHxUH0"
368,"conoce el estado de los números que",1109.22,6.72,"UUpMYtHxUH0"
369,"conoce como juegan los factores de de",1112.58,6.9,"UUpMYtHxUH0"
370,"poder pero yo no le pediría más en lo",1115.94,7.32,"UUpMYtHxUH0"
371,"personal pero la fuerza política está",1119.48,5,"UUpMYtHxUH0"
372,"pidiendo",1123.26,3.86,"UUpMYtHxUH0"
373,"su participación",1124.48,5.5,"UUpMYtHxUH0"
374,"en caso de que no de que ella se",1127.12,4.78,"UUpMYtHxUH0"
375,"mantenga en el no y haya una elección",1129.98,5.46,"UUpMYtHxUH0"
376,"vos venís caminando el país venís",1131.9,6.06,"UUpMYtHxUH0"
377,"haciendo recorridos de campaña y algo",1135.44,4.92,"UUpMYtHxUH0"
378,"parecido parece estar haciendo Sergio",1137.96,4.5,"UUpMYtHxUH0"
379,"massa a pesar de que él lo niega No él",1140.36,4.5,"UUpMYtHxUH0"
380,"dice no no soy candidato no es mi turno",1142.46,5.82,"UUpMYtHxUH0"
381,"en todo caso en 2027 ahora pueden ser",1144.86,6.66,"UUpMYtHxUH0"
382,"candidatos el presidente y dos de sus",1148.28,6.36,"UUpMYtHxUH0"
383,"ministros en una paso sería funcional no",1151.52,4.98,"UUpMYtHxUH0"
384,"sería un quilombo para para el",1154.64,4.32,"UUpMYtHxUH0"
385,"funcionamiento mismo del gobierno",1156.5,5.58,"UUpMYtHxUH0"
386,"parte de la discusión de la mesa tiene",1158.96,6.24,"UUpMYtHxUH0"
387,"que ser eso tiene que ser poner las",1162.08,5.76,"UUpMYtHxUH0"
388,"reglas claras de cómo va a ser el",1165.2,5.94,"UUpMYtHxUH0"
389,"funcionamiento en el caso de que haya",1167.84,7.92,"UUpMYtHxUH0"
390,"paso hacer que quedó quedó claro para un",1171.14,7.8,"UUpMYtHxUH0"
391,"sector que eso tranquilamente se puede",1175.76,7.86,"UUpMYtHxUH0"
392,"se puede se puede dar y otros pensamos",1178.94,7.76,"UUpMYtHxUH0"
393,"que es muy difícil que haya una",1183.62,5.7,"UUpMYtHxUH0"
394,"fase monta del presidente Pero bueno se",1186.7,6.12,"UUpMYtHxUH0"
395,"será cuestión de consensuar y son cosas",1189.32,5.76,"UUpMYtHxUH0"
396,"internas que un poco tiene que ver con",1192.82,5.5,"UUpMYtHxUH0"
397,"la con las necesidades Pero la gente se",1195.08,5.339,"UUpMYtHxUH0"
398,"lo pregunta o sea los que los que miran",1198.32,3.479,"UUpMYtHxUH0"
399,"en la selección por delante dicen ya",1200.419,3.421,"UUpMYtHxUH0"
400,"quién voy a votar Mirá esto con esto me",1201.799,4.341,"UUpMYtHxUH0"
401,"fue mal pero con los anteriores peor",1203.84,5.76,"UUpMYtHxUH0"
402,"Qué onda empiezan a orejear las las",1206.14,8.26,"UUpMYtHxUH0"
403,"alternativas y ahí se ve una necesidad",1209.6,8.24,"UUpMYtHxUH0"
404,"también de más certezas el presidente",1214.4,8.04,"UUpMYtHxUH0"
405,"dice que quiere ir a competir por por la",1217.84,6.52,"UUpMYtHxUH0"
406,"candidatura a la reelección pero a la",1222.44,4.56,"UUpMYtHxUH0"
407,"vez en su momento les dijo a los que",1224.36,4.02,"UUpMYtHxUH0"
408,"querían ser candidatos que tenían que",1227,3.059,"UUpMYtHxUH0"
409,"dejar los puestos en el gobierno a",1228.38,3.96,"UUpMYtHxUH0"
410,"ustedes es una manera de empujarlos",1230.059,4.62,"UUpMYtHxUH0"
411,"hacia afuera hacerla paso vos crees que",1232.34,4.28,"UUpMYtHxUH0"
412,"vas a tener",1234.679,4.941,"UUpMYtHxUH0"
413,"eso",1236.62,3,"UUpMYtHxUH0"
414,"digo dejemos que los ámbitos de",1239.799,5.88,"UUpMYtHxUH0"
415,"discusión que los ámbitos",1243.86,5.04,"UUpMYtHxUH0"
416,"internos de una coalición vayan poniendo",1245.679,5.321,"UUpMYtHxUH0"
417,"sus reglas me parece lo que se dijo",1248.9,3.74,"UUpMYtHxUH0"
418,"hasta hoy",1251,4.44,"UUpMYtHxUH0"
419,"tiene poco que ver con los consensos que",1252.64,6.96,"UUpMYtHxUH0"
420,"se van se vayan a dar en el ámbito",1255.44,6.78,"UUpMYtHxUH0"
421,"correcto Bueno un par de preguntas más y",1259.6,3.88,"UUpMYtHxUH0"
422,"cerramos estamos con cuidado de Pedro",1262.22,2.78,"UUpMYtHxUH0"
423,"ministro del interior",1263.48,5.3,"UUpMYtHxUH0"
424,"la verdad que",1265,7.72,"UUpMYtHxUH0"
425,"nada un gran conflicto con la ciudad el",1268.78,6.42,"UUpMYtHxUH0"
426,"que gobierna la ciudad es un posible",1272.72,5.1,"UUpMYtHxUH0"
427,"presidenciable de la coalición opositora",1275.2,4.9,"UUpMYtHxUH0"
428,"que es hora que es la reta Y vos",1277.82,3.719,"UUpMYtHxUH0"
429,"estuviste involucrado en ese conflicto",1280.1,3.12,"UUpMYtHxUH0"
430,"porque es por la coparticipación por la",1281.539,4.201,"UUpMYtHxUH0"
431,"guita que ellos piden para el",1283.22,4.4,"UUpMYtHxUH0"
432,"funcionamiento de la policía",1285.74,5.36,"UUpMYtHxUH0"
433,"hoy se vieron imágenes de seis policías",1287.62,6.58,"UUpMYtHxUH0"
434,"pegándoles sillazos a un señor que",1291.1,4.42,"UUpMYtHxUH0"
435,"estaba amenazando a la gente con un palo",1294.2,4.26,"UUpMYtHxUH0"
436,"en Barrancas de belgrano y no es el",1295.52,4.46,"UUpMYtHxUH0"
437,"primer episodio",1298.46,4.5,"UUpMYtHxUH0"
438,"rocanbolesco digamos que protagoniza La",1299.98,5.1,"UUpMYtHxUH0"
439,"policía de la ciudad",1302.96,5.699,"UUpMYtHxUH0"
440,"vos crees que ese reclamo puede llegar a",1305.08,6.4,"UUpMYtHxUH0"
441,"mejorar el funcionamiento crees que hace",1308.659,5.701,"UUpMYtHxUH0"
442,"falta dinero para que funcione mejor la",1311.48,6.42,"UUpMYtHxUH0"
443,"policía de la ciudad o en todo caso les",1314.36,5.76,"UUpMYtHxUH0"
444,"están pidiendo la plata por una cuestión",1317.9,4.44,"UUpMYtHxUH0"
445,"también de tironeo de campaña",1320.12,6.78,"UUpMYtHxUH0"
446,"Mira hay dos dos cosas Una es la",1322.34,7.74,"UUpMYtHxUH0"
447,"conducción de la policía de la ciudad de",1326.9,5.399,"UUpMYtHxUH0"
448,"Buenos Aires que se hace más allá de los",1330.08,5.099,"UUpMYtHxUH0"
449,"recursos que tenga la ciudad de Buenos",1332.299,6.561,"UUpMYtHxUH0"
450,"Aires porque desde que nosotros",1335.179,6,"UUpMYtHxUH0"
451,"desde que nosotros comenzamos A",1338.86,4.96,"UUpMYtHxUH0"
452,"transferir los recursos para el",1341.179,4.201,"UUpMYtHxUH0"
453,"funcionamiento de la policía de la",1343.82,2.82,"UUpMYtHxUH0"
454,"ciudad de Buenos Aires la policía",1345.38,4.86,"UUpMYtHxUH0"
455,"funciona con lo cual lo que hizo el",1346.64,6.74,"UUpMYtHxUH0"
456,"Gobierno del presidente Fernández es es",1350.24,6.86,"UUpMYtHxUH0"
457,"volver a",1353.38,6.22,"UUpMYtHxUH0"
458,"recuperar fondos que eran del resto de",1357.1,6.24,"UUpMYtHxUH0"
459,"las provincias fondos que oían para",1359.6,7.26,"UUpMYtHxUH0"
460,"escuelas para Rutas para puentes fondos",1363.34,6.819,"UUpMYtHxUH0"
461,"que hoy van a tener una Argentina",1366.86,6.86,"UUpMYtHxUH0"
462,"Federal que tenga trabajo",1370.159,6.801,"UUpMYtHxUH0"
463,"empleos fondos que van a",1373.72,6.64,"UUpMYtHxUH0"
464,"todos los argentinos y las argentinas",1376.96,6.76,"UUpMYtHxUH0"
465,"con lo cual el de la policía de la",1380.36,5.76,"UUpMYtHxUH0"
466,"ciudad de Buenos Aires está garantizado",1383.72,4.98,"UUpMYtHxUH0"
467,"el Modern que funciona tiene que ver con",1386.12,6.48,"UUpMYtHxUH0"
468,"una política y con una orden política",1388.7,6.26,"UUpMYtHxUH0"
469,"hacia el",1392.6,4.559,"UUpMYtHxUH0"
470,"funcionamiento de la ciudad de Buenos",1394.96,5.56,"UUpMYtHxUH0"
471,"Aires de la policía de las de la ciudad",1397.159,7.101,"UUpMYtHxUH0"
472,"a mí me gusta el día remarcar que",1400.52,7.98,"UUpMYtHxUH0"
473,"en esta discusión en esta discusión sí",1404.26,8.56,"UUpMYtHxUH0"
474,"podemos ver cómo otra vez cambiemos que",1408.5,7.98,"UUpMYtHxUH0"
475,"supuestamente era un partido que se",1412.82,5.64,"UUpMYtHxUH0"
476,"decía que era la nueva derecha que",1416.48,3.14,"UUpMYtHxUH0"
477,"venían",1418.46,4.219,"UUpMYtHxUH0"
478,"con una",1419.62,6.28,"UUpMYtHxUH0"
479,"intención de participar democráticamente",1422.679,5.86,"UUpMYtHxUH0"
480,"en las elecciones recordemos que el",1425.9,5.48,"UUpMYtHxUH0"
481,"grupo macri se benefició con las",1428.539,5.301,"UUpMYtHxUH0"
482,"dictaduras",1431.38,6.539,"UUpMYtHxUH0"
483,"militares que hicieron negocios con las",1433.84,7.8,"UUpMYtHxUH0"
484,"dictaduras digo todo ese sector que",1437.919,7.12,"UUpMYtHxUH0"
485,"siempre trabajó desde las sombras en",1441.64,6.82,"UUpMYtHxUH0"
486,"contra del peronismo esta vez venían con",1445.039,8.161,"UUpMYtHxUH0"
487,"una pátina de modernidad de marketing a",1448.46,6.32,"UUpMYtHxUH0"
488,"participar",1453.2,5.42,"UUpMYtHxUH0"
489,"democráticamente bueno son este sector",1454.78,7.12,"UUpMYtHxUH0"
490,"lo primero que hizo cuando llegó al",1458.62,7.72,"UUpMYtHxUH0"
491,"gobierno fue romper el pacto Federal",1461.9,6.6,"UUpMYtHxUH0"
492,"que hay en Argentina desde hace",1466.34,4.199,"UUpMYtHxUH0"
493,"muchísimos años que costó mucho que",1468.5,4.74,"UUpMYtHxUH0"
494,"tiene mucha historia que tiene",1470.539,5.701,"UUpMYtHxUH0"
495,"muchísimos años de acuerdos de consensos",1473.24,5.76,"UUpMYtHxUH0"
496,"que era que tiene que ver con la ley de",1476.24,5.22,"UUpMYtHxUH0"
497,"coparticipación Federal que tiene que",1479,5.76,"UUpMYtHxUH0"
498,"ver en Cómo se distribuyen los recursos",1481.46,5.699,"UUpMYtHxUH0"
499,"de los argentinos para que no quede todo",1484.76,4.44,"UUpMYtHxUH0"
500,"en el puerto de la ciudad de Buenos",1487.159,6.061,"UUpMYtHxUH0"
501,"Aires una una historia que lleva más más",1489.2,7.4,"UUpMYtHxUH0"
502,"de 200 años centralismos",1493.22,7.199,"UUpMYtHxUH0"
503,"entonces lo que lo primero que hicieron",1496.6,8.04,"UUpMYtHxUH0"
504,"fueron fue romper el pacto Federal",1500.419,8.221,"UUpMYtHxUH0"
505,"cómo triplicando los recursos que iban a",1504.64,6.58,"UUpMYtHxUH0"
506,"la ciudad de Buenos Aires mediante un",1508.64,5,"UUpMYtHxUH0"
507,"decreto",1511.22,2.42,"UUpMYtHxUH0"
508,"como recibieron quejas y como Se",1514,5.14,"UUpMYtHxUH0"
509,"juntaron la mayoría de los gobernadores",1517.28,4.879,"UUpMYtHxUH0"
510,"y gobernadas en la provincia de San Juan",1519.14,7.019,"UUpMYtHxUH0"
511,"al mes o al poco tiempo quisieron",1522.159,6.88,"UUpMYtHxUH0"
512,"justificar que ese aumento tenía que ver",1526.159,5.701,"UUpMYtHxUH0"
513,"con el traspaso de la policía el",1529.039,4.321,"UUpMYtHxUH0"
514,"traspaso de la policía según la",1531.86,3.38,"UUpMYtHxUH0"
515,"Constitución nació nació nacional",1533.36,5.4,"UUpMYtHxUH0"
516,"requiere de una ley no hicieron no",1535.24,6.539,"UUpMYtHxUH0"
517,"hicieron la ley pero sí triplicaron casi",1538.76,7.919,"UUpMYtHxUH0"
518,"los los fondos cuando tuvieron que o",1541.779,7.561,"UUpMYtHxUH0"
519,"cuando se pusieron a defender",1546.679,5.88,"UUpMYtHxUH0"
520,"esos fondos que recibían del gobierno",1549.34,8.56,"UUpMYtHxUH0"
521,"nacional dijeron que con esa vuelta de",1552.559,8.701,"UUpMYtHxUH0"
522,"los fondos al resto de las provincias la",1557.9,5.46,"UUpMYtHxUH0"
523,"ciudad de Buenos Aires se quedaba sin",1561.26,5.88,"UUpMYtHxUH0"
524,"obras con lo cual ellos mismos están",1563.36,6.66,"UUpMYtHxUH0"
525,"diciendo que el gobierno de Mauricio",1567.14,7.46,"UUpMYtHxUH0"
526,"macri benefició ar",1570.02,9.06,"UUpMYtHxUH0"
527,"benefició a la a la jurisdicción de la",1574.6,7.72,"UUpMYtHxUH0"
528,"Argentina que más servicios tiene tiene",1579.08,7.979,"UUpMYtHxUH0"
529,"100% o casi 100% de luz de agua de",1582.32,9.06,"UUpMYtHxUH0"
530,"internet digo y lo que nosotros pensamos",1587.059,7.921,"UUpMYtHxUH0"
531,"que es justo que esos fondos sigan yendo",1591.38,8.399,"UUpMYtHxUH0"
532,"como fueron hasta el año 2015 a planes",1594.98,6,"UUpMYtHxUH0"
533,"de obras que tengan que ver con el",1599.779,3.661,"UUpMYtHxUH0"
534,"desarrollo de la argentina se pongan en",1600.98,6,"UUpMYtHxUH0"
535,"valor el interior se pongan en valor la",1603.44,6.66,"UUpMYtHxUH0"
536,"cultura la producción y la identidad de",1606.98,6.199,"UUpMYtHxUH0"
537,"todos los argentinos que necesitan",1610.1,5.22,"UUpMYtHxUH0"
538,"necesitan cuestiones mucho más básicas",1613.179,6.401,"UUpMYtHxUH0"
539,"necesitan agua necesitan cloacas luz gas",1615.32,6.32,"UUpMYtHxUH0"
540,"Entonces",1619.58,5.28,"UUpMYtHxUH0"
541,"ese partido político moderno vino otra",1621.64,6.82,"UUpMYtHxUH0"
542,"vez a concentrar y después con el",1624.86,6,"UUpMYtHxUH0"
543,"intento de asesinato de Cristina con el",1628.46,4.94,"UUpMYtHxUH0"
544,"lobby y la",1630.86,7.02,"UUpMYtHxUH0"
545,"la situación promiscuo que proliscua que",1633.4,7.18,"UUpMYtHxUH0"
546,"hay en la quinta de Mauricio macri donde",1637.88,5.659,"UUpMYtHxUH0"
547,"se juntan jueces Fiscales y",1640.58,6.92,"UUpMYtHxUH0"
548,"políticos vimos como primero que primero",1643.539,7.12,"UUpMYtHxUH0"
549,"rompieron el acuerdo federal y ahora",1647.5,5.58,"UUpMYtHxUH0"
550,"rompieron el acuerdo",1650.659,6.5,"UUpMYtHxUH0"
551,"democrático intentaron asesinar",1653.08,8.38,"UUpMYtHxUH0"
552,"a la vicepresidenta y Ahí vimos vínculos",1657.159,8.4,"UUpMYtHxUH0"
553,"con Patricia bullrich vimos vínculos con",1661.46,6.68,"UUpMYtHxUH0"
554,"empresarios de cambiemos",1665.559,5.98,"UUpMYtHxUH0"
555,"entonces me parece que la elección que",1668.14,5.86,"UUpMYtHxUH0"
556,"viene tiene que ver con eso si vamos a",1671.539,5.821,"UUpMYtHxUH0"
557,"seguir teniendo una Argentina que está",1674,6,"UUpMYtHxUH0"
558,"en una región que no tiene conflictos",1677.36,5.78,"UUpMYtHxUH0"
559,"que no tiene guerras si vamos a seguir",1680,6.679,"UUpMYtHxUH0"
560,"pregonando que nuestro en nuestro país",1683.14,6.94,"UUpMYtHxUH0"
561,"le sigamos diciendo nunca más a la",1686.679,5.141,"UUpMYtHxUH0"
562,"violencia política Tú crees que por",1690.08,4.56,"UUpMYtHxUH0"
563,"ejemplo si Así esta investigación a",1691.82,3.78,"UUpMYtHxUH0"
564,"cargo de la jueza María Eugenia",1694.64,3.2,"UUpMYtHxUH0"
565,"capuchetti no se va a saber nunca quién",1695.6,5.16,"UUpMYtHxUH0"
566,"intentó matar a Cristiano quien instigó",1697.84,5.939,"UUpMYtHxUH0"
567,"a que intentara matarla",1700.76,3.019,"UUpMYtHxUH0"
568,"porque ya tengo pruebas ya tenemos",1706.659,7.241,"UUpMYtHxUH0"
569,"pruebas contundentes de los vínculos que",1710.799,6.581,"UUpMYtHxUH0"
570,"tiene el activismo con los jueces con",1713.9,8.36,"UUpMYtHxUH0"
571,"los camaristas tenemos el ejemplo",1717.38,4.88,"UUpMYtHxUH0"
572,"[Música]",1722.91,4.249,"UUpMYtHxUH0"
573,"hemos desplegado muchísima información",1724.72,3.88,"UUpMYtHxUH0"
574,"en torno a esto porque a mí también la",1727.159,3.421,"UUpMYtHxUH0"
575,"verdad que me parece súper promiscua y y",1728.6,4.5,"UUpMYtHxUH0"
576,"espantoso y son vínculos además que que",1730.58,5.459,"UUpMYtHxUH0"
577,"me parece muy difíciles de explicar me",1733.1,5.88,"UUpMYtHxUH0"
578,"están ya diciendo que se nos recontra",1736.039,4.5,"UUpMYtHxUH0"
579,"fuimos de tiempo Wow Te agradezco por",1738.98,3.72,"UUpMYtHxUH0"
580,"este tiempo te voy a hacer una última",1740.539,3.721,"UUpMYtHxUH0"
581,"porque vos hablás ahora de los vínculos",1742.7,2.88,"UUpMYtHxUH0"
582,"y de las cosas que te generan",1744.26,3.779,"UUpMYtHxUH0"
583,"desconfianzan como oropy la última vez",1745.58,4.8,"UUpMYtHxUH0"
584,"que vi una foto tuya con barrionuevo te",1748.039,5.341,"UUpMYtHxUH0"
585,"digo esto con a riesgo de que de que se",1750.38,5.1,"UUpMYtHxUH0"
586,"enoje alguien de los que trabaja con vos",1753.38,4.22,"UUpMYtHxUH0"
587,"o el riesgo que tenemos que vos",1755.48,4.5,"UUpMYtHxUH0"
588,"yo vos sos de los que siento por ahí",1757.6,6.34,"UUpMYtHxUH0"
589,"generacionalmente y hasta en algunos más",1759.98,6.24,"UUpMYtHxUH0"
590,"cercano del kirchnerismo no O sea vos",1763.94,4.739,"UUpMYtHxUH0"
591,"tuviste en 2001 en la en la diagonal",1766.22,4.439,"UUpMYtHxUH0"
592,"tirando de piedras a la policía que",1768.679,4.62,"UUpMYtHxUH0"
593,"reprimía yo también te reprimió ante",1770.659,5.481,"UUpMYtHxUH0"
594,"palos a mí también",1773.299,5.641,"UUpMYtHxUH0"
595,"nada tenés un montón de características",1776.14,5.56,"UUpMYtHxUH0"
596,"que qué sé yo a otros referentes de la",1778.94,5.459,"UUpMYtHxUH0"
597,"cámpora son ultra archi mega millonarios",1781.7,4.74,"UUpMYtHxUH0"
598,"y ahí yo no me siento tan identificado",1784.399,3.621,"UUpMYtHxUH0"
599,"qué sé yo",1786.44,4.02,"UUpMYtHxUH0"
600,"por qué te sacas tantas fotos con barrio",1788.02,5.259,"UUpMYtHxUH0"
601,"nuevo ahora a fin de de enero te sacaste",1790.46,5.099,"UUpMYtHxUH0"
602,"una tercera en menos de un año en",1793.279,3.721,"UUpMYtHxUH0"
603,"octubre él dijo que sos un gran",1795.559,2.881,"UUpMYtHxUH0"
604,"dirigente y no sé qué Yo pienso en",1797,3.659,"UUpMYtHxUH0"
605,"beruevo pienso en los peores valores del",1798.44,5.099,"UUpMYtHxUH0"
606,"sindicalismo empresario el menemismo y",1800.659,5.581,"UUpMYtHxUH0"
607,"todo eso me me explicas cómo funciona",1803.539,4.941,"UUpMYtHxUH0"
608,"eso en la lógica de ustedes",1806.24,6.24,"UUpMYtHxUH0"
609,"Mira primero",1808.48,4,"UUpMYtHxUH0"
610,"no creo que te que tengamos en la",1813.02,6.48,"UUpMYtHxUH0"
611,"organización nuestra Ultra H mega",1815.72,9.3,"UUpMYtHxUH0"
612,"millonarios los que tenemos más digo yo",1819.5,7.7,"UUpMYtHxUH0"
613,"soy uno de los que tiene una declaración",1825.02,6.18,"UUpMYtHxUH0"
614,"jurada más",1827.2,4,"UUpMYtHxUH0"
615,"abultada Pero tiene que ver con la",1833.679,5.441,"UUpMYtHxUH0"
616,"sucesión de mis padres que eran que",1835.94,4.76,"UUpMYtHxUH0"
617,"vienen en una familia",1839.12,4.74,"UUpMYtHxUH0"
618,"agropecuaria que tengo tambos el",1840.7,6.78,"UUpMYtHxUH0"
619,"productor se produjo y también con una",1843.86,5.78,"UUpMYtHxUH0"
620,"indemnización que",1847.48,5.939,"UUpMYtHxUH0"
621,"recibí así que no me parece que haya",1849.64,6.94,"UUpMYtHxUH0"
622,"dirigentes archienemiga millonarios Me",1853.419,5.921,"UUpMYtHxUH0"
623,"parece que bueno está bien mucho más",1856.58,4.8,"UUpMYtHxUH0"
624,"acaudalados que yo no importa no no",1859.34,4.38,"UUpMYtHxUH0"
625,"tiene que ver con eso en todo caso más",1861.38,3.539,"UUpMYtHxUH0"
626,"me interesa",1863.72,5.66,"UUpMYtHxUH0"
627,"digo qué tengo que hacer Tengo que",1864.919,4.461,"UUpMYtHxUH0"
628,"digo Son",1870.679,7.801,"UUpMYtHxUH0"
629,"realidades tengo un campo de dado por sí",1872.559,7.98,"UUpMYtHxUH0"
630,"pero no",1878.48,4.199,"UUpMYtHxUH0"
631,"te estoy cuestionando eso en absoluto y",1880.539,3.281,"UUpMYtHxUH0"
632,"además En todo caso lo importante es",1882.679,2.821,"UUpMYtHxUH0"
633,"para quién aquí en benefician con las",1883.82,3,"UUpMYtHxUH0"
634,"medidas que impulsan desde el gobierno",1885.5,5.159,"UUpMYtHxUH0"
635,"Por eso digo y así el resto no sé por",1886.82,6.239,"UUpMYtHxUH0"
636,"quién lo decís pero no hay ningún",1890.659,4.201,"UUpMYtHxUH0"
637,"compañero nuestro ni ninguna compañera",1893.059,5.34,"UUpMYtHxUH0"
638,"nuestra que haya estado en un hecho de",1894.86,6.24,"UUpMYtHxUH0"
639,"corrupción no hay nadie que no si lo que",1898.399,5,"UUpMYtHxUH0"
640,"tiene lo tiene",1901.1,6.14,"UUpMYtHxUH0"
641,"en mi caso por una",1903.399,7.181,"UUpMYtHxUH0"
642,"producto quizás de una situación fea",1907.24,6.72,"UUpMYtHxUH0"
643,"familiar después digo lo de Luis",1910.58,6.68,"UUpMYtHxUH0"
644,"barrionuevo te digo me parece que",1913.96,5.76,"UUpMYtHxUH0"
645,"no nos fue mal",1917.26,6.72,"UUpMYtHxUH0"
646,"o no nos fue bien a los argentinos",1919.72,6.179,"UUpMYtHxUH0"
647,"cuando",1923.98,7.059,"UUpMYtHxUH0"
648,"nos olvidamos Cuáles son los objetivos",1925.899,5.14,"UUpMYtHxUH0"
649,"comunes me parece hoy Argentina necesita",1931.64,5.659,"UUpMYtHxUH0"
650,"de muchísima fuerza",1934.88,5.519,"UUpMYtHxUH0"
651,"política de muchísima fuerza social de",1937.299,5.98,"UUpMYtHxUH0"
652,"muchísima conciencia en la población de",1940.399,5.361,"UUpMYtHxUH0"
653,"muchísima",1943.279,6.081,"UUpMYtHxUH0"
654,"conciencia también en el periodismo de",1945.76,6.82,"UUpMYtHxUH0"
655,"entender que lo que viene",1949.36,6.039,"UUpMYtHxUH0"
656,"sigue siendo complejo que lo que viene",1952.58,4.339,"UUpMYtHxUH0"
657,"es otra vez",1955.399,5.181,"UUpMYtHxUH0"
658,"al gobierno que le toque",1956.919,7.921,"UUpMYtHxUH0"
659,"administrar en el 2024 volver a discutir",1960.58,6.459,"UUpMYtHxUH0"
660,"la deuda con el fondo monetario",1964.84,5.199,"UUpMYtHxUH0"
661,"internacional volver a discutir otra vez",1967.039,8.341,"UUpMYtHxUH0"
662,"con los fondos de inversión Y eso",1970.039,6.62,"UUpMYtHxUH0"
663,"requiere",1975.38,4.44,"UUpMYtHxUH0"
664,"fortaleza eso requiere de un gobierno",1976.659,7.441,"UUpMYtHxUH0"
665,"que sume voluntades yo no lo como decían",1979.82,7.26,"UUpMYtHxUH0"
666,"algunos yo no le voy a preguntar De",1984.1,7.12,"UUpMYtHxUH0"
667,"dónde viene sino Hacia dónde Hacia dónde",1987.08,7.439,"UUpMYtHxUH0"
668,"van así fue como hicimos que en el 2019",1991.22,5.959,"UUpMYtHxUH0"
669,"podamos sumar",1994.519,5.821,"UUpMYtHxUH0"
670,"voluntades que teníamos visiones de la",1997.179,5.821,"UUpMYtHxUH0"
671,"Argentina totalmente",2000.34,2.66,"UUpMYtHxUH0"
672,"distinta Yo hoy voy a seguir intentando",2003.059,8.021,"UUpMYtHxUH0"
673,"ampliar el frente voy a seguir sumando",2006.96,5.939,"UUpMYtHxUH0"
674,"voluntades con",2011.08,6.9,"UUpMYtHxUH0"
675,"claro uno Cómo resolvemos la la deuda",2012.899,8.52,"UUpMYtHxUH0"
676,"que tomó Mauricio macri otro como",2017.98,7.439,"UUpMYtHxUH0"
677,"peleamos contra la inflación tercero",2021.419,6.6,"UUpMYtHxUH0"
678,"Cómo mejoramos el poder adquisitivo",2025.419,5.581,"UUpMYtHxUH0"
679,"cuarto Cómo tenemos una Argentina",2028.019,6.421,"UUpMYtHxUH0"
680,"Federal como desarrollamos las economías",2031,7.08,"UUpMYtHxUH0"
681,"regionales Pero por eso te digo un",2034.44,6.7,"UUpMYtHxUH0"
682,"sindicalista que está atornillado en un",2038.08,5.339,"UUpMYtHxUH0"
683,"sillón hace 40 años con pibes que",2041.14,6,"UUpMYtHxUH0"
684,"laburan en los bares por 70 Lucas en",2043.419,6.42,"UUpMYtHxUH0"
685,"negro y son gastronómicos que se yo a",2047.14,3.84,"UUpMYtHxUH0"
686,"ellos no les mejora mucho el poder",2049.839,4.04,"UUpMYtHxUH0"
687,"adquisitivo barrio nuevo",2050.98,2.899,"UUpMYtHxUH0"
688,"los gobiernos pero pero lista nuestra",2054.419,5.621,"UUpMYtHxUH0"
689,"electricidad le mejoró a los",2057.94,4.86,"UUpMYtHxUH0"
690,"gastronómicos y le mejoró a todos los",2060.04,4.74,"UUpMYtHxUH0"
691,"trabajadores y trabajadoras sin",2062.8,3.48,"UUpMYtHxUH0"
692,"preguntarle Quién era el secretario",2064.78,5.7,"UUpMYtHxUH0"
693,"general con lo cual si hoy hay un gremio",2066.28,8.399,"UUpMYtHxUH0"
694,"hay una diligencia de un de un sector de",2070.48,6.859,"UUpMYtHxUH0"
695,"los trabajadores argentinos que quieren",2074.679,5.601,"UUpMYtHxUH0"
696,"acompañarnos en un proceso",2077.339,5.26,"UUpMYtHxUH0"
697,"Bienvenido sea yo digo me parece que",2080.28,5.5,"UUpMYtHxUH0"
698,"tenemos que también empezar a pensar en",2082.599,6.3,"UUpMYtHxUH0"
699,"Cuáles son los objetivos centrales del",2085.78,7.52,"UUpMYtHxUH0"
700,"del próximo gobierno y empezar a sumar",2088.899,6.381,"UUpMYtHxUH0"
701,"voluntades",2093.3,6.12,"UUpMYtHxUH0"
702,"voluntades son trabajadores",2095.28,6.76,"UUpMYtHxUH0"
703,"dirigentes productores empresarios Me",2099.42,6.04,"UUpMYtHxUH0"
704,"parece que la división eterna la",2102.04,7.26,"UUpMYtHxUH0"
705,"división eterna entre por cuestiones",2105.46,7.2,"UUpMYtHxUH0"
706,"personales No no es no es buena Me",2109.3,5.819,"UUpMYtHxUH0"
707,"parece bien hay que empezar a sumar",2112.66,6.66,"UUpMYtHxUH0"
708,"fuerza el mundo está complejo es más que",2115.119,5.601,"UUpMYtHxUH0"
709,"diría que hay",2119.32,4.86,"UUpMYtHxUH0"
710,"algunas políticas del próximo gobierno",2120.72,5.619,"UUpMYtHxUH0"
711,"que tiene que ser procesado con todas",2124.18,5.179,"UUpMYtHxUH0"
712,"las fuerzas políticas y digo todas todas",2126.339,6.26,"UUpMYtHxUH0"
713,"incluso aquellos",2129.359,8.321,"UUpMYtHxUH0"
714,"que han roto pactos y Y sí y yo voy a",2132.599,9.701,"UUpMYtHxUH0"
715,"intentar trabajar en conseguir acuerdos",2137.68,7.14,"UUpMYtHxUH0"
716,"básicos que hagan que Argentina funcione",2142.3,4.86,"UUpMYtHxUH0"
717,"clarísimo Wow gracias por este rato eh",2144.82,4.64,"UUpMYtHxUH0"
718,"Te mando un abrazo",2147.16,4.679,"UUpMYtHxUH0"
719,"de Pedro ministro del interior acá",2149.46,6.06,"UUpMYtHxUH0"
720,"pasaron cosas pasaron cosas",2151.839,3.681,"UUpMYtHxUH0"
1,"firmamos un convenio con Santa Fe",1.58,4.84,"BRxoa0AgAJU"
2,"estamos poniendo a disposición un",3.6,5.22,"BRxoa0AgAJU"
3,"sistema de identificación facial permite",6.42,5.88,"BRxoa0AgAJU"
4,"no solo reconocer a las personas en el",8.82,7.2,"BRxoa0AgAJU"
5,"territorio sino también de validación de",12.3,6.059,"BRxoa0AgAJU"
6,"dni con la seguridad no se especula hay",16.02,3.66,"BRxoa0AgAJU"
7,"que trabajar todos los días para",18.359,3.84,"BRxoa0AgAJU"
8,"combatir al crimen organizado es una",19.68,4.679,"BRxoa0AgAJU"
9,"pelea que requiere de políticas de",22.199,4.441,"BRxoa0AgAJU"
10,"estado y del compromiso de todos los",24.359,3.961,"BRxoa0AgAJU"
11,"sectores estamos poniendo las",26.64,5.4,"BRxoa0AgAJU"
12,"herramientas de el gobierno nacional a",28.32,4.86,"BRxoa0AgAJU"
13,"disposición de cada uno de los",32.04,3.539,"BRxoa0AgAJU"
14,"gobernadores y gobernadoras también para",33.18,5.7,"BRxoa0AgAJU"
15,"que puedan fortalecer y tecnificar la",35.579,6.421,"BRxoa0AgAJU"
16,"lucha contra el crimen organizado en",38.88,5.9,"BRxoa0AgAJU"
17,"cada uno de los territorios",42,5.879,"BRxoa0AgAJU"
18,"esta aplicación va a darle a la fuerza",44.78,5.5,"BRxoa0AgAJU"
19,"de seguridad una capacidad operativa",47.879,5.221,"BRxoa0AgAJU"
20,"diferente y en la velocidad que se",50.28,5.099,"BRxoa0AgAJU"
21,"necesita en la actuación para tener",53.1,5.279,"BRxoa0AgAJU"
22,"identificación en procedimientos que se",55.379,5.101,"BRxoa0AgAJU"
23,"desarrollan en distintos lugares de la",58.379,4.68,"BRxoa0AgAJU"
24,"provincia y particularmente en Rosario",60.48,4.499,"BRxoa0AgAJU"
25,"en primer lugar reconocer la enorme",63.059,3.42,"BRxoa0AgAJU"
26,"tarea que viene realizando el ministro",64.979,3.241,"BRxoa0AgAJU"
27,"del interior y todo su equipo por",66.479,3.96,"BRxoa0AgAJU"
28,"federalizar cada una de las acciones y",68.22,3.899,"BRxoa0AgAJU"
29,"de los recursos del Estado nacional un",70.439,2.941,"BRxoa0AgAJU"
30,"fuerte compromiso con la innovación",72.119,4.141,"BRxoa0AgAJU"
31,"tecnológica en este caso con un aporte",73.38,4.86,"BRxoa0AgAJU"
32,"importante para que se ha utilizado por",76.26,4.56,"BRxoa0AgAJU"
33,"la fuerza de seguridad provincial y la",78.24,4.46,"BRxoa0AgAJU"
34,"fuerza de seguridad federales que están",80.82,4.74,"BRxoa0AgAJU"
35,"dispuestas y expandidas en la provincia",82.7,4.26,"BRxoa0AgAJU"
36,"de Santa Fe Y en segundo lugar",85.56,3.599,"BRxoa0AgAJU"
37,"transmitirle como decía recién al",86.96,4.06,"BRxoa0AgAJU"
38,"gobernador de la provincia nuestro",89.159,3.6,"BRxoa0AgAJU"
39,"compromiso en Claudio y cable desde el",91.02,4.2,"BRxoa0AgAJU"
40,"gobierno Nacional de seguir trabajando",92.759,4.32,"BRxoa0AgAJU"
41,"de profundizar todas las tareas que",95.22,4.56,"BRxoa0AgAJU"
42,"venimos realizando para combatir ese",97.079,4.86,"BRxoa0AgAJU"
43,"flagelo que tanto nos preocupa a todos",99.78,3.479,"BRxoa0AgAJU"
44,"los santafesinos que es la problemática",101.939,3.741,"BRxoa0AgAJU"
45,"de la",103.259,2.421,"BRxoa0AgAJU"
1,"universidad Argentina tiene la sociedad",0.319,5.201,"t3nFAlf22iY"
2,"la dirigencia el congreso creo que",3.24,5.939,"t3nFAlf22iY"
3,"tenemos que pensar los valores también",5.52,7.02,"t3nFAlf22iY"
4,"no los valores que tenemos como sociedad",9.179,7.221,"t3nFAlf22iY"
5,"hay un hay un nivel de violencia",12.54,7.98,"t3nFAlf22iY"
6,"discursiva de delincuencia hay un nivel",16.4,7.619,"t3nFAlf22iY"
7,"de delincuencia organizada hay delito",20.52,7.56,"t3nFAlf22iY"
8,"organizado entró el narcotráfico en",24.019,6.52,"t3nFAlf22iY"
9,"muchas zonas de la Argentina Me parece",28.08,5.819,"t3nFAlf22iY"
10,"que tenemos que me parece que hay mucho",30.539,7.621,"t3nFAlf22iY"
11,"ruido hay mucha politización esto se usa",33.899,8.041,"t3nFAlf22iY"
12,"para marcar una diferencia entre un",38.16,6.059,"t3nFAlf22iY"
13,"sector u otro y la verdad que es un",41.94,5.88,"t3nFAlf22iY"
14,"problema es un pero es un problema es",44.219,6.84,"t3nFAlf22iY"
15,"parte de los problemas que se utilizan",47.82,5.88,"t3nFAlf22iY"
16,"mediáticamente para hacer campaña y",51.059,5.16,"t3nFAlf22iY"
17,"cuando tenemos que gobernar no se hace",53.7,4.82,"t3nFAlf22iY"
18,"nada porque",56.219,2.301,"t3nFAlf22iY"
19,"digo ya tuvimos experiencias que",59.719,6.701,"t3nFAlf22iY"
20,"intentaban resolver el tema de la",63.68,7.54,"t3nFAlf22iY"
21,"seguridad empezamos por rucauff Paty no",66.42,7.1,"t3nFAlf22iY"
22,"Rico también",71.22,4.56,"t3nFAlf22iY"
23,"quiero saludar a Fernando y agradecerle",73.52,3.76,"t3nFAlf22iY"
24,"porque si no nos va a estar esperando ya",75.78,3.96,"t3nFAlf22iY"
25,"nos metemos ella no Gracias Fernando",77.28,3.56,"t3nFAlf22iY"
26,"Gracias",79.74,3.36,"t3nFAlf22iY"
27,"Chau chau Muchas gracias por estar",80.84,4,"t3nFAlf22iY"
28,"siempre del otro lado pasaron todos",83.1,4.26,"t3nFAlf22iY"
29,"tenés razón pasaron todo tu mano dura",84.84,5.4,"t3nFAlf22iY"
30,"mano no dura mano cambió la sociedad no",87.36,5.299,"t3nFAlf22iY"
31,"hay un nivel de violencia extrema que",90.24,5.339,"t3nFAlf22iY"
32,"hay un nivel de violencia mayor hay un",92.659,5.981,"t3nFAlf22iY"
33,"desprecio por la vida hay niveles de",95.579,5.941,"t3nFAlf22iY"
34,"marginalidad mayor y también hay un",98.64,5.839,"t3nFAlf22iY"
35,"nivel de corrupción en la fuerza",101.52,6.059,"t3nFAlf22iY"
36,"de seguridad en sectores del poder",104.479,7.301,"t3nFAlf22iY"
37,"judicial digo que me parece que si en",107.579,6.781,"t3nFAlf22iY"
38,"serio si en serio queremos resolver el",111.78,4.44,"t3nFAlf22iY"
39,"tema de la inseguridad en Argentina",114.36,6.619,"t3nFAlf22iY"
40,"tenemos que dejar bueno hay que dejar de",116.22,6.679,"t3nFAlf22iY"
41,"tomarlo como algo",120.979,5.401,"t3nFAlf22iY"
42,"parte de las campañas como algo",122.899,5.86,"t3nFAlf22iY"
43,"hoy estás acá por otro tema que ya no",126.38,4.68,"t3nFAlf22iY"
44,"vamos a meter de lleno",128.759,4.321,"t3nFAlf22iY"
45,"te quiero aprovechar muy interesante",131.06,4.78,"t3nFAlf22iY"
46,"figura de la política muy importante hoy",133.08,5.1,"t3nFAlf22iY"
47,"creo que mira hoy en todas las encuestas",135.84,5.06,"t3nFAlf22iY"
48,"la gente habla de inflación de",138.18,5.58,"t3nFAlf22iY"
49,"inseguridad y de incertidumbre todo con",140.9,5.199,"t3nFAlf22iY"
50,"in porque no nosotros vivimos nosotros",143.76,4.92,"t3nFAlf22iY"
51,"vivimos un clima llegamos acá vamos a",146.099,4.581,"t3nFAlf22iY"
52,"casa volver hay gente que",148.68,4.74,"t3nFAlf22iY"
53,"no puede pero hacer su vida viven bajo",150.68,4.779,"t3nFAlf22iY"
54,"rejas y además con algo que vos marcaste",153.42,4.86,"t3nFAlf22iY"
55,"hace un rato el tema narco porque el",155.459,4.92,"t3nFAlf22iY"
56,"narcotráfico se metió en muchos lados y",158.28,3.599,"t3nFAlf22iY"
57,"maneja otro tipo de códigos y muy",160.379,5.64,"t3nFAlf22iY"
58,"violento No mira yo soy del interior de",161.879,6.121,"t3nFAlf22iY"
59,"la provincia de Buenos Aires muy muy",166.019,5.121,"t3nFAlf22iY"
60,"cerca de",168,5.9,"t3nFAlf22iY"
61,"Moreno No claro",171.14,6.58,"t3nFAlf22iY"
62,"la ciudad de Mercedes en Mercedes hemos",173.9,5.52,"t3nFAlf22iY"
63,"podido",177.72,5.34,"t3nFAlf22iY"
64,"hemos podido pensar y diseñar una",179.42,6.819,"t3nFAlf22iY"
65,"comunidad que se lleve bien que los que",183.06,5.58,"t3nFAlf22iY"
66,"más tienen también piensen en los",186.239,5.961,"t3nFAlf22iY"
67,"barrios más marginales tenemos presencia",188.64,7.319,"t3nFAlf22iY"
68,"de la sociedad hemos hecho un laburo muy",192.2,8.14,"t3nFAlf22iY"
69,"fuerte con los clubes hemos hecho un",195.959,7.521,"t3nFAlf22iY"
70,"laburo muy fuerte con las iglesias",200.34,6.539,"t3nFAlf22iY"
71,"evangélicas con la iglesia católica para",203.48,7.78,"t3nFAlf22iY"
72,"que los pibes que entran a la cárcel que",206.879,7.14,"t3nFAlf22iY"
73,"cuando salgan puedan tener mejores pueda",211.26,6.36,"t3nFAlf22iY"
74,"salir mejores puedan tener algún trabajo",214.019,6.72,"t3nFAlf22iY"
75,"digo es muy complejo y generalmente",217.62,6.6,"t3nFAlf22iY"
76,"políticamente no sé si garpa decir que",220.739,7.201,"t3nFAlf22iY"
77,"pero es muy complejo el tema de la",224.22,5.82,"t3nFAlf22iY"
78,"inseguridad el tema de la seguridad un",227.94,4.56,"t3nFAlf22iY"
79,"plan de seguridad requiere de muchísimas",230.04,5,"t3nFAlf22iY"
80,"cosas de muchísimas cosas",232.5,4.5,"t3nFAlf22iY"
81,"profesionalizarla digo profesional la",235.04,4.32,"t3nFAlf22iY"
82,"fuerza de seguridad",237,5.48,"t3nFAlf22iY"
83,"tener un sistema judicial que también",239.36,5.92,"t3nFAlf22iY"
84,"investigue la corrupción que hay dentro",242.48,4.899,"t3nFAlf22iY"
85,"de todas las instituciones Porque si hay",245.28,4.319,"t3nFAlf22iY"
86,"algo que hace y todos lo saben muy bien",247.379,5.241,"t3nFAlf22iY"
87,"por los ejemplos que hay de otros países",249.599,6.301,"t3nFAlf22iY"
88,"el crimen organizado el narcotráfico lo",252.62,5.44,"t3nFAlf22iY"
89,"primero que hace es corromper las",255.9,4.44,"t3nFAlf22iY"
90,"fuerzas que tiene que controlarlos con",258.06,5.699,"t3nFAlf22iY"
91,"lo cual mucha plata digo mucha plata a",260.34,6.9,"t3nFAlf22iY"
92,"eso las familias También tienen miedo y",263.759,5.401,"t3nFAlf22iY"
93,"hay sueldos muy Bajos en la fuerza de",267.24,4.38,"t3nFAlf22iY"
94,"seguridad y hay mucha plata en el sujeto",269.16,5.94,"t3nFAlf22iY"
95,"a controlar con lo cual digo cuando se",271.62,6.6,"t3nFAlf22iY"
96,"habla de achicar El ajuste achicar el",275.1,6.08,"t3nFAlf22iY"
97,"estado que tiene que desaparecer el",278.22,7.5,"t3nFAlf22iY"
98,"estado el estado es la policía el estado",281.18,6.28,"t3nFAlf22iY"
99,"es la inteligencia que tiene que",285.72,5.759,"t3nFAlf22iY"
100,"combatir la el narcotráfico hay que",287.46,5.94,"t3nFAlf22iY"
101,"mejorar Los sueldos de que el estado",291.479,3.72,"t3nFAlf22iY"
102,"está muy ausente también porque hemos",293.4,3.54,"t3nFAlf22iY"
103,"pasado por barrios por ejemplo en donde",295.199,3.121,"t3nFAlf22iY"
104,"pasan cosas simplemente pues se puede",296.94,3.66,"t3nFAlf22iY"
105,"porque no hay que no hay un foco en la",298.32,5.42,"t3nFAlf22iY"
106,"calle que habrán personas",300.6,3.14,"t3nFAlf22iY"
107,"que hay que mejorar el salario si los",308.12,5.38,"t3nFAlf22iY"
108,"narcotraficantes algunos pueden",310.979,4.321,"t3nFAlf22iY"
109,"corromper o tienen la capacidad de",313.5,5.06,"t3nFAlf22iY"
110,"corromper a algunos es porque",315.3,6.959,"t3nFAlf22iY"
111,"claro entonces me parece que no primero",318.56,6.34,"t3nFAlf22iY"
112,"no es una entiendo es un año de campaña",322.259,6.621,"t3nFAlf22iY"
113,"esto cambiemos generalmente",324.9,3.98,"t3nFAlf22iY"
114,"te quiero aprovechar que estás acá y",329.18,3.94,"t3nFAlf22iY"
115,"preguntarte y no es porque vos hagas",331.74,3.48,"t3nFAlf22iY"
116,"campaña con esto de un lado del otro",333.12,3.66,"t3nFAlf22iY"
117,"Queremos saber que haría uno y que haría",335.22,2.88,"t3nFAlf22iY"
118,"otro porque vamos a tener la oportunidad",336.78,5,"t3nFAlf22iY"
119,"maravillosa de votar claro",338.1,6.18,"t3nFAlf22iY"
120,"una cosa es lo que dicen y después lo",341.78,4.72,"t3nFAlf22iY"
121,"que hacen digo porque lo más simple es",344.28,5.759,"t3nFAlf22iY"
122,"después de imágenes como estas muy duras",346.5,8.16,"t3nFAlf22iY"
123,"muy fuertes no son imágenes muy que",350.039,8.461,"t3nFAlf22iY"
124,"llegan muy a lo más a lo más profundo de",354.66,6.24,"t3nFAlf22iY"
125,"los miedos de las personas y yo digo",358.5,4.8,"t3nFAlf22iY"
126,"algo que tiene que ver con el largo",360.9,5.46,"t3nFAlf22iY"
127,"plazo que es un problema estructural de",363.3,6.06,"t3nFAlf22iY"
128,"la Argentina que necesita reformas de",366.36,5.279,"t3nFAlf22iY"
129,"fondo que para eso es real que para eso",369.36,4.8,"t3nFAlf22iY"
130,"va a llevar tiempo y viene otro se",371.639,4.261,"t3nFAlf22iY"
131,"sienta al lado dice yo lo voy a resolver",374.16,6.12,"t3nFAlf22iY"
132,"así así Asa esas medidas mágicas que nos",375.9,6.84,"t3nFAlf22iY"
133,"vienen diciendo para resolver los temas",380.28,6.06,"t3nFAlf22iY"
134,"de seguridad no funcionan y de fondo por",382.74,5.76,"t3nFAlf22iY"
135,"donde se empieza de fondo fondo Mirá en",386.34,4.38,"t3nFAlf22iY"
136,"una charla Felipe González cuando estuvo",388.5,5.28,"t3nFAlf22iY"
137,"en el Sheraton en el en el hotel alvear",390.72,6.24,"t3nFAlf22iY"
138,"en diciembre con todos los empresarios",393.78,6.539,"t3nFAlf22iY"
139,"con la cgt dijo algo muy inteligente",396.96,5.88,"t3nFAlf22iY"
140,"dijo si ustedes quieren volver a tener",400.319,6.241,"t3nFAlf22iY"
141,"una Argentina como la que yo conocí con",402.84,6.419,"t3nFAlf22iY"
142,"menos división con una gran clase media",406.56,5.34,"t3nFAlf22iY"
143,"tienen que resolver el problema de la el",409.259,5.361,"t3nFAlf22iY"
144,"problema económico de la inclusión",411.9,6,"t3nFAlf22iY"
145,"económica la desigualdad la desigualdad",414.62,6.34,"t3nFAlf22iY"
146,"trae violencia la vida de una persona",417.9,7.38,"t3nFAlf22iY"
147,"vale la vida de una persona vale lo lo",420.96,7.56,"t3nFAlf22iY"
148,"que la sociedad le dice al asesino que",425.28,7.44,"t3nFAlf22iY"
149,"va vale él digo por eso",428.52,6.899,"t3nFAlf22iY"
150,"las sociedades que mejor funcionan son",432.72,5.4,"t3nFAlf22iY"
151,"las sociedades que tienen otros valores",435.419,5.641,"t3nFAlf22iY"
152,"tenemos que volver a una sociedad que",438.12,5.24,"t3nFAlf22iY"
153,"tenga valores y por supuesto después",441.06,5.4,"t3nFAlf22iY"
154,"mano muy firme muy firme con la",443.36,5.559,"t3nFAlf22iY"
155,"delincuencia mano muy firme con el",446.46,5.76,"t3nFAlf22iY"
156,"crimen organizado mano muy firme con los",448.919,4.741,"t3nFAlf22iY"
157,"funcionarios de cualquiera de las áreas",452.22,3.66,"t3nFAlf22iY"
158,"que tienen que ver con el combate a la",453.66,5.22,"t3nFAlf22iY"
159,"delincuencia Perdóname mano firme es que",455.88,5.7,"t3nFAlf22iY"
160,"se cumpla una condena que lo juzguen",458.88,5.939,"t3nFAlf22iY"
161,"cumplan la condena que que se cumpla la",461.58,6.26,"t3nFAlf22iY"
162,"condena que se pague por el",464.819,7.561,"t3nFAlf22iY"
163,"delito si el sistema nuestro el sistema",467.84,6.82,"t3nFAlf22iY"
164,"carcelario a nivel mundial está hecho",472.38,4.62,"t3nFAlf22iY"
165,"para que cuando salga pueda salir claro",474.66,5.58,"t3nFAlf22iY"
166,"mejor eso no está pasando no está",477,5.539,"t3nFAlf22iY"
167,"pasando hay que discutir el sistema",480.24,4.34,"t3nFAlf22iY"
168,"penitenciario Pero sí hay muchas",482.539,4.541,"t3nFAlf22iY"
169,"instituciones de la sociedad civil",484.58,6.36,"t3nFAlf22iY"
170,"iglesias evangélicas iglesias católicas",487.08,6.66,"t3nFAlf22iY"
171,"organizaciones sociales que que",490.94,5.56,"t3nFAlf22iY"
172,"contienen sí muchísimo y baja y baja un",493.74,6.179,"t3nFAlf22iY"
173,"70 a un 80% el nivel de reincidencia Por",496.5,5.639,"t3nFAlf22iY"
174,"eso digo que por ahí no es lo más",499.919,4.981,"t3nFAlf22iY"
175,"simpático en una campaña donde después",502.139,7.921,"t3nFAlf22iY"
176,"de ver esas imágenes uno dice todo se",504.9,8.96,"t3nFAlf22iY"
177,"choquea bueno se choque así no",510.06,5.82,"t3nFAlf22iY"
178,"podríamos hacer cualquiera de nosotros",513.86,3.88,"t3nFAlf22iY"
179,"en cualquiera puede haber estado en esa",515.88,3.42,"t3nFAlf22iY"
180,"verdulería entonces uno no puede dejar",517.74,3.599,"t3nFAlf22iY"
181,"de empatizar con la persona que está",519.3,3.539,"t3nFAlf22iY"
182,"peleando por su vida y Los ladrones",521.339,4.58,"t3nFAlf22iY"
183,"asesinos sueltos",522.839,3.08,"t3nFAlf22iY"
1,"[Música]",1.27,3.54,"aSRc6pt0ghQ"
2,"de felicidad para lomas de zamora porque",2.74,3.949,"aSRc6pt0ghQ"
3,"el trabajo articulado entre nación",4.81,4.53,"aSRc6pt0ghQ"
4,"provincia y municipio viene dando estos",6.689,4.931,"aSRc6pt0ghQ"
5,"resultados es incorporar nueva flota",9.34,4.95,"aSRc6pt0ghQ"
6,"logística equipamientos para los vecinos",11.62,4.32,"aSRc6pt0ghQ"
7,"y vecinas de lomas de zamora ministro",14.29,4.02,"aSRc6pt0ghQ"
8,"web de pedro en amigo compañero ha hecho",15.94,4.2,"aSRc6pt0ghQ"
9,"un programa a qué lado de los municipios",18.31,4.68,"aSRc6pt0ghQ"
10,"la facilidad rápida de poder adquirir",20.14,5.25,"aSRc6pt0ghQ"
11,"vehículos maquinarias ya este es el",22.99,4.74,"aSRc6pt0ghQ"
12,"tercer año que venimos trabajando con",25.39,4.469,"aSRc6pt0ghQ"
13,"municipio de pieza un programa muy ágil",27.73,4.16,"aSRc6pt0ghQ"
14,"muy dinámico corporados maquinaria nueva",29.859,5.071,"aSRc6pt0ghQ"
15,"patrulleros que también incorporó su",31.89,4.51,"aSRc6pt0ghQ"
16,"inversión y nuestro gobernador a",34.93,4.59,"aSRc6pt0ghQ"
17,"excepción del programa de seguridad y",36.4,4.8,"aSRc6pt0ghQ"
18,"también el municipio con sus distintos",39.52,3.96,"aSRc6pt0ghQ"
19,"programas comprando equipamientos se",41.2,5.49,"aSRc6pt0ghQ"
20,"entregan entre 80 patrulleros más 20",43.48,5.76,"aSRc6pt0ghQ"
21,"vehículos livianos y sevillanos para las",46.69,4.5,"aSRc6pt0ghQ"
22,"delegaciones de los manzanos trabajando",49.24,3.9,"aSRc6pt0ghQ"
23,"en conjunto 11 seguidores lo más se",51.19,4.41,"aSRc6pt0ghQ"
24,"convirtió en una de las ciudades con",53.14,5.39,"aSRc6pt0ghQ"
25,"mayor inversión en materia",55.6,6.529,"aSRc6pt0ghQ"
26,"sigue siendo una política del estado del",58.53,6.089,"aSRc6pt0ghQ"
27,"municipio quiero felicitar la gestión de",62.129,4.441,"aSRc6pt0ghQ"
28,"materias ahorra le quiero felicitar la",64.619,4.651,"aSRc6pt0ghQ"
29,"gestión de la intendenta hoy siguen",66.57,6.089,"aSRc6pt0ghQ"
30,"priorizando las cuestiones básicas del",69.27,5.1,"aSRc6pt0ghQ"
31,"empleo",72.659,4.891,"aSRc6pt0ghQ"
32,"la industria el comercio la reactivación",74.37,6.3,"aSRc6pt0ghQ"
33,"económica y siempre una visión humana",77.55,6.27,"aSRc6pt0ghQ"
34,"que es cuidar la vida de los vecinos y",80.67,4.76,"aSRc6pt0ghQ"
35,"las",83.82,6.729,"aSRc6pt0ghQ"
36,"[Música]",85.43,5.119,"aSRc6pt0ghQ"
